{"labels": [14, 14, 14, 1, 14, 1, 1, 14, 1, 1, 1, 1, 13, 14, 13, 14, 14, 1, 19, 13, 1, 1, 1, 13], "scores": [0.9998914003372192, 0.9989414811134338, 0.9970705509185791, 0.9938925504684448, 0.9916150569915771, 0.9211155772209167, 0.7952284216880798, 0.74577397108078, 0.7392278909683228, 0.7317854762077332, 0.7191051840782166, 0.5758044123649597, 0.5301347374916077, 0.27876147627830505, 0.2188161164522171, 0.13103888928890228, 0.11510463804006577, 0.11143937706947327, 0.10570179671049118, 0.09225939959287643, 0.08138308674097061, 0.07909303158521652, 0.055871427059173584, 0.05085790157318115], "bboxes": [[501.25628662109375, 273.96746826171875, 848.85498046875, 1234.38818359375], [1614.360595703125, 335.84576416015625, 1763.9749755859375, 735.1589965820312], [1025.7158203125, 295.906494140625, 1260.0919189453125, 828.0970458984375], [5.368424892425537, 811.77197265625, 615.2134399414062, 1280.0001220703125], [820.023193359375, 314.0072326660156, 1060.387939453125, 845.7317504882812], [654.0264892578125, 669.4761962890625, 1337.922119140625, 1273.179931640625], [11.597786903381348, 479.9267578125, 573.654052734375, 1229.5645751953125], [1882.8642578125, 401.70440673828125, 2042.964599609375, 680.0183715820312], [143.9084014892578, 640.4774780273438, 1247.733642578125, 1262.7681884765625], [715.8169555664062, 586.4315185546875, 1995.2183837890625, 1261.1800537109375], [31.881511688232422, 464.4595947265625, 493.5544128417969, 890.2101440429688], [451.8274841308594, 704.6690673828125, 930.444580078125, 1277.6612548828125], [13.684538841247559, 475.39892578125, 556.30615234375, 1183.9659423828125], [1884.0601806640625, 445.138427734375, 2043.2587890625, 896.7882080078125], [726.0836791992188, 531.4607543945312, 2022.7784423828125, 1264.778564453125], [732.8977661132812, 286.42840576171875, 837.0889282226562, 698.8229370117188], [1347.5845947265625, 451.58477783203125, 1467.47705078125, 605.639404296875], [1458.431396484375, 571.458740234375, 2048.0, 1175.8101806640625], [489.49041748046875, 255.55267333984375, 813.9279174804688, 537.6461181640625], [1837.079833984375, 571.71142578125, 2035.232177734375, 973.2046508789062], [1771.67431640625, 537.6228637695312, 2037.01318359375, 1088.2860107421875], [698.9461059570312, 751.5830078125, 1119.443359375, 1219.4056396484375], [3.716813325881958, 829.38037109375, 363.23797607421875, 1218.493896484375], [1299.3763427734375, 522.37939453125, 2035.947021484375, 1186.5380859375]]}