{"labels": [6, 6, 3, 6, 13, 6, 6, 6], "scores": [0.9988352656364441, 0.9257652759552002, 0.33271491527557373, 0.24696369469165802, 0.12236200273036957, 0.10447786748409271, 0.07811737060546875, 0.07705121487379074], "bboxes": [[253.90435791015625, 279.91217041015625, 1678.362060546875, 1207.0667724609375], [1499.071533203125, 341.5639953613281, 1697.9259033203125, 565.9691162109375], [1496.930908203125, 332.46484375, 1697.788818359375, 575.4893188476562], [23.975526809692383, 285.2603759765625, 770.5875854492188, 696.7824096679688], [1495.7216796875, 338.135498046875, 1703.32177734375, 596.9127197265625], [30.780841827392578, 90.33715057373047, 1015.3411865234375, 772.4841918945312], [7.186432838439941, 317.6009521484375, 432.3462829589844, 713.1138916015625], [1498.950439453125, 408.0506286621094, 1698.299072265625, 507.80206298828125]]}