{"labels": [17], "scores": [0.12005257606506348], "bboxes": [[0.0, 331.1181945800781, 1042.204345703125, 843.0487670898438]]}