{"labels": [9, 9, 7, 12, 11, 14, 2, 11, 7, 12, 16], "scores": [0.7783756256103516, 0.7223531603813171, 0.6769466400146484, 0.6011757254600525, 0.3711942434310913, 0.3599144518375397, 0.21025913953781128, 0.18959304690361023, 0.06865546852350235, 0.055227093398571014, 0.05301477015018463], "bboxes": [[653.2814331054688, 580.3941650390625, 1127.2069091796875, 932.8978881835938], [963.0933837890625, 496.6432800292969, 1385.0865478515625, 1048.172119140625], [999.5851440429688, 509.8109436035156, 1390.79833984375, 1055.911865234375], [996.5385131835938, 504.1179504394531, 1396.8878173828125, 1048.9219970703125], [979.2760620117188, 500.0103759765625, 1398.8944091796875, 1013.754638671875], [999.7508544921875, 490.3626403808594, 1377.5369873046875, 970.6702880859375], [667.1270141601562, 589.9337768554688, 1046.084228515625, 922.6362915039062], [650.6668090820312, 573.3657836914062, 1152.8724365234375, 959.6301879882812], [660.8871459960938, 498.8961181640625, 1405.4398193359375, 984.1227416992188], [659.3800659179688, 497.49066162109375, 1411.78662109375, 981.77294921875], [972.7883911132812, 501.7179260253906, 1398.121826171875, 1057.68896484375]]}