{"labels": [7, 11], "scores": [0.9779738783836365, 0.6090182065963745], "bboxes": [[540.59130859375, 727.841796875, 1184.34716796875, 1226.541748046875], [563.3707275390625, 714.9539184570312, 1185.1427001953125, 1260.717041015625]]}